INDEX,TICKER,DATE,RSI,PRICE-DIFFERENCE,PRICE-DIFFERENCE-2,GAINED,MAX-HIGH-26,ICHI-CHANGE,SENKOU-SPAN-A,SENKOU-SPAN-B,SENKOU-AB-HEIGHT,TENKAN-KIJUN-HEIGHT,TENKAN-SENKOU-A-HEIGHT,TENKAN-SENKOU-B-HEIGHT
123,"bitcoin",2013-AUG-29,67.88882739671945,0,0,87,4.028106871476422,-448.97241118669876,97.05199999999999,90.258,7.527310598506501,7,-20.71821850441943,-26.268237293120063
128,"bitcoin",2013-SEP-03,67.97944228558708,11.749325925320704,0,103,7.1141332163486055,-339.45691613308213,102.33949999999999,90.258,13.385517073278812,7,-22.957428388602416,-32.052546392140634
129,"bitcoin",2013-SEP-04,54.89808621478758,-7.333479564231933,3.5542119454203727,89,15.590973646836048,-337.26681817175336,102.52475,90.258,13.59076203771411,7,-23.038133843786365,-32.246368652178816
130,"bitcoin",2013-SEP-05,56.93393125117673,-0.24459523433800542,-7.560137457044676,86,15.874396899470057,-354.9005482895134,101.68875,90.258,12.664528352057438,7,-23.70578084555651,-32.28195220767528
132,"bitcoin",2013-SEP-07,56.23196689488631,-1.8033694534525042,-2.0435537320498574,81,18.0024164317358,-354.0544562696156,101.64349999999999,90.258,12.614394291918716,6,-23.475625823451914,-32.047430830039524
134,"bitcoin",2013-SEP-09,57.86883124231169,2.3842126459927457,0.5378470299770565,83,15.254503972936828,-309.9587020407596,102.4385,88.435,15.834793916435801,4,-22.67625301932366,-33.24652777777777
135,"bitcoin",2013-SEP-10,51.37929960270197,-0.9440641963653551,1.4176399516713578,92,16.352950520212854,-297.66865863547736,104.8125,90.26050000000001,16.122224007179213,4,-20.884284420289852,-31.868583937198057
140,"bitcoin",2013-SEP-15,44.30990931145267,3.5422126916051213,2.5647077334592128,96,12.372478330904345,-253.98891902845432,110.46975,94.294,17.154590960188358,3,-13.793163993913149,-26.416169183346998
142,"bitcoin",2013-SEP-17,46.2511856192251,0.9894914474188785,4.566754030656819,91,11.271456782621907,-249.07203476184242,111.8695,95.22,17.485297206469234,3,-13.138054196754418,-26.065688329839286
144,"bitcoin",2013-SEP-19,53.95187630154453,-1.52665957770013,-0.5522742962337952,96,12.996529116853061,-236.29261184231459,114.12700000000001,95.22,19.85612266330604,1,-12.579854461891996,-27.062428188433557
146,"bitcoin",2013-SEP-21,54.52969388076174,-1.7123023524874652,-3.212820902324161,93,14.96507886682884,-233.350451319185,114.816,95.22,20.57971014492754,1,-12.51114413075781,-27.443136358440974
148,"bitcoin",2013-SEP-23,47.6614824208825,-1.1614219571529498,-2.853837254145779,92,14.728066693132194,-224.71528495613745,116.8655,96.93,20.566903951305054,2,-10.358594768735143,-25.650072869525193
149,"bitcoin",2013-SEP-24,51.72643589999393,1.0321556173084536,-0.14125402181590427,91,13.555992141453832,-226.24946885702832,118.35199999999999,99.91999999999999,18.446757405924743,2,-9.138228858777019,-23.288933246324525
150,"bitcoin",2013-SEP-25,33.566434960451375,0.7622789783889972,1.8023025009924543,94,7.494930588051798,-225.37878286491087,118.47999999999999,99.91999999999999,18.574859887910332,2,-9.039960078307939,-23.288933246324525
151,"bitcoin",2013-SEP-26,37.768268457183765,0.12478552487911135,0.8880157170923343,94,7.3609596510360005,-218.14665528180922,122.695,105.975,15.777305968388772,2,-5.803999846455032,-18.640359295228592
152,"bitcoin",2013-SEP-27,44.95290309813308,4.206262657734854,4.336296989549214,96,3.027358349529086,-223.5175454993902,125.26499999999999,112.98495,10.86874844835528,2,-4.015171832496846,-13.424811309911497
156,"bitcoin",2013-OCT-01,50.328251268028765,-1.1959934220361745,2.959962610998607,101,6.377666817975493,-216.33882029354527,128.87,116.35,10.76063601203267,3,-3.1052631578947336,-12.518796992481207
172,"bitcoin",2013-OCT-17,81.67857998844036,10.644575578756236,9.321273732994467,62,4.088888888888882,-263.35973462671717,131.85750000000002,123.8555,6.460754669756295,8,-4.775402614284671,-10.55427168339712
175,"bitcoin",2013-OCT-20,88.17964419877976,19.391452991453,32.100166439703436,88,1.6436630204455505,-419.77915784795397,131.3675,123.88,6.044155634484995,9,-14.452005730659023,-19.327949986975778
180,"bitcoin",2013-OCT-25,77.35060836000521,6.918275012885851,27.65128205128205,81,16.460442444694408,-642.2733922001771,130.995,123.88,5.743461414271884,11,-27.19061779173498,-31.145263040880415
197,"bitcoin",2013-NOV-11,88.22405527552417,83.427071616048,96.11706087852929,205,8.287583226258613,-1489.950634139241,129.435,124.375,4.068341708542715,10,-54.780163152654296,-56.547941376840704
221,"bitcoin",2013-DEC-05,71.30321446950323,205.19507066931428,459.8103808452514,777,10.62376209202861,-612.6760292052237,253.7675,220.455,15.110793585992605,27,-74.06486657741166,-77.46941653806452
226,"bitcoin",2013-DEC-10,55.56511578219801,-5.415697869123816,188.6666277304053,773,16.95784564647804,-514.7291353539366,302.505,258.15,17.181871005229528,14,-66.31985036240356,-71.25822505761715
235,"bitcoin",2013-DEC-19,42.566842107330174,-29.999696512933603,-33.79070145726286,392,67.08191224926297,-271.46703697746557,549.8675000000001,454.18,21.06818882381436,11,-22.667693324613772,-36.12499912101204
237,"bitcoin",2013-DEC-21,49.71812085968564,-12.471819180299448,-38.73000778950137,466,90.88597562989135,-252.3475866559603,576.0899999999999,484.19,18.980152419504723,16,-15.423915437128393,-28.915804154738307
255,"bitcoin",2014-JAN-08,67.7576188043966,39.14077205032528,21.787386554136074,500,20.694892728308332,-187.42940235833092,848.1800000000001,662.32,28.06196400531465,18,-3.357279993619279,-24.534407419856542
259,"bitcoin",2014-JAN-12,63.891009296516444,2.432599202582115,42.52550936168809,513,17.82859525960937,-192.68425756918873,850.815,665.945,27.760550796236927,20,-5.111805052138507,-25.729660402609706
266,"bitcoin",2014-JAN-19,46.69184456046701,0.8966428025300628,3.3510537307765342,390,16.78148250206668,-445.4776004458125,720.83,678.8950000000001,6.176949307330285,4,-16.48118645540654,-21.339976247718905
269,"bitcoin",2014-JAN-22,50.73348050740404,-2.9128777440984663,-2.0423530502073626,397,20.285244622098176,-4969.682909919679,693.7225,691.1800000000001,0.3678491854509541,2,-17.611132884407553,-17.91308891818386
272,"bitcoin",2014-JAN-25,41.8474014388335,0.9484501945387223,-1.9920547441903211,349,19.155117676690757,-708.0896443605117,733.3875,716.69,2.329807866720617,5,-12.16758384881165,-14.167320371024624
281,"bitcoin",2014-FEB-03,45.565936917446976,-3.488712643947467,-2.573351151267161,257,8.884114441086139,-472.7956133283433,798.23,788.325,1.2564614847937048,2,-3.486424888007597,-4.684033298471101
282,"bitcoin",2014-FEB-04,46.90375015276292,0.5013170192879594,-3.004885134897667,235,8.340982656166958,-472.7956133283433,798.23,788.325,1.2564614847937048,2,-3.486424888007597,-4.684033298471101
284,"bitcoin",2014-FEB-06,45.75364592662926,-5.60534325329727,-5.1321267737276,178,14.7744865971467,-224.2745084575332,805.49,788.325,2.1774014524466385,4,-0.5874730021598261,-2.705954952175249
416,"bitcoin",2014-JUN-18,42.852734633650265,-22.211246881197617,-26.571573505966477,72,10.881179291990568,-467.86883688773327,478.53925,446.82500000000005,7.097689251944258,2,-20.86571757414201,-26.110186897033
420,"bitcoin",2014-JUN-22,36.899952973348405,-0.9350974902871491,-22.93864755933721,69,11.9278134666505,-322.46844515836517,510.78225,469.83050000000003,8.716281722876642,5,-12.36486683560636,-19.39097642450643
421,"bitcoin",2014-JUN-23,36.424792521358924,-1.3762861692289023,-2.298514042088423,67,13.48975729985992,-321.62399884135834,511.34625000000005,470.3945,8.705830956782034,5,-12.26810110988914,-19.29421069878923
424,"bitcoin",2014-JUN-26,50.38351889097602,-2.162852871457833,-3.5093719957560907,61,13.805522622032335,-264.83490247353757,537.5894999999999,484.865,10.874057727408644,4,-8.999277193683316,-17.92424244989021
425,"bitcoin",2014-JUN-27,50.92463177302433,2.7745609038832537,0.5516983622454359,65,10.439991896340134,-242.75757827553699,547.2405,487.99350000000004,12.140940401870097,4,-7.295453544432894,-17.332112497585996
427,"bitcoin",2014-JUN-29,55.14835892320375,0.913168614726236,3.7130659379802164,70,9.440614552483343,-212.69173012320107,575.4137499999999,533.3835,7.8799306690214275,5,-1.6998397578259161,-8.880030203428978
430,"bitcoin",2014-JUL-02,64.05722561668325,7.991173274267272,8.977314775282508,82,1.0722423061736404,-251.08797471310424,585.80475,548.5264999999999,6.796070928204941,1,-4.169798681322989,-10.26804592549091
431,"bitcoin",2014-JUL-03,66.2017733547078,-0.8792724915076489,7.041636594410279,83,1.968826144374384,-250.25163677794313,586.01225,548.5264999999999,6.8338995472415744,1,-4.135854322262015,-10.26804592549091
432,"bitcoin",2014-JUL-04,61.90851962635886,-2.2419383838947393,-3.1014981279162503,79,4.307332263608852,-241.47940952898216,588.3365,548.5264999999999,7.257625657101355,1,-3.7556366039609337,-10.26804592549091
435,"bitcoin",2014-JUL-07,60.20898080810991,-1.0474209281233937,-3.265876780189588,76,5.41143368061452,-226.99746713453095,602.51675,548.5264999999999,9.842778790085815,4,-3.887656168246947,-12.500079759063818
436,"bitcoin",2014-JUL-08,65.85373332712803,0.1172915271292692,-0.9313579369961921,77,5.287939848083757,-224.09956920069192,603.85275,548.5264999999999,10.08634040470243,4,-3.6932824037894094,-12.517104990351038
438,"bitcoin",2014-JUL-10,65.45228479372769,-1.2893354544843523,-1.1735562085994669,74,6.663186123658722,-291.3805780124608,588.50225,548.5264999999999,7.287842975681223,5,-7.67614610174409,-13.94751601149925
440,"bitcoin",2014-JUL-12,66.95478536407953,2.7483859252029186,1.423614556558867,59,3.8100843757347542,-266.8071395803449,591.759,548.5264999999999,7.881569987958663,3,-6.301643159965639,-13.14702145093678
442,"bitcoin",2014-JUL-14,38.99069582033848,-2.2720064129976683,0.41393600773071476,46,6.22348885462162,-231.24667619101254,599.957,548.5264999999999,9.376119476451922,2,-4.08353643767901,-12.305845168541312
443,"bitcoin",2014-JUL-15,40.323808624527814,0.36669546192163244,-1.9136422954870664,47,5.835395263085065,-231.24667619101254,599.957,548.5264999999999,9.376119476451922,2,-4.08353643767901,-12.305845168541312
444,"bitcoin",2014-JUL-16,31.173860210643312,-0.769965861521987,-0.40609382947290146,45,6.6566147859922165,-226.36528722489246,601.55,548.681,9.635653503584034,2,-3.7137165737097266,-12.176121225799383
445,"bitcoin",2014-JUL-17,38.36517438465692,1.0196173800259567,0.241800812759625,44,5.580101719016046,-222.71559400778136,602.9655,548.681,9.893635828468632,2,-3.4485878347867476,-12.141033975871963
446,"bitcoin",2014-JUL-18,49.83748343642319,0.9131921763985467,1.9421206225681003,47,4.624677350865718,-233.5741287526349,597.4085,548.681,8.880843331553299,2,-4.035156623351381,-11.862509106008796
447,"bitcoin",2014-JUL-19,48.480390881068104,-0.041986135033137244,0.8708226272651146,48,4.6686236605331555,-233.5741287526349,597.4085,548.681,8.880843331553299,2,-4.035156623351381,-11.862509106008796
448,"bitcoin",2014-JUL-20,43.07658641839469,-0.7342704629165587,-0.7759483061616274,47,5.442859432601374,-230.187685944475,598.6759999999999,548.681,9.111851877502572,2,-3.831551487201,-11.862509106008796
449,"bitcoin",2014-JUL-21,48.87636641891595,-0.27071646097130386,-1.0029991328766972,46,5.7290854710058055,-214.4664379025178,605.5425,548.681,10.36330764141641,2,-2.7285497772391127,-11.862509106008796
453,"bitcoin",2014-JUL-25,25.611658133132437,-3.394668368125918,-3.6561949030293195,41,6.249324143346486,-218.06009919524053,598.665,553.756,8.109889554244107,2,-2.2411390136506317,-9.574543652365044
454,"bitcoin",2014-JUL-26,21.420260931125213,-0.8777402348071695,-4.242612232827774,40,7.190175440952117,-221.822549394767,597.278,553.756,7.8594182275226006,2,-2.467628853858529,-9.574543652365044
455,"bitcoin",2014-JUL-27,23.362784120142962,-0.32913011297168954,-1.2039814403524403,40,7.292220957410275,-200.59852055704005,605.80825,553.756,9.399853003850085,2,-0.9451207797399761,-9.456113056409677
684,"bitcoin",2015-MAR-15,68.47001660415364,-51.773674248802735,-51.93240160922975,64,4.766527114838705,-8250.809559010555,250.5855,250.2105,0.1498738062551332,7,-12.08436319749359,-12.215928526696356
685,"bitcoin",2015-MAR-16,63.37369366062483,1.4665162905518103,-51.06642732532685,67,3.2523150936188983,-831.6069780562211,250.5855,245.9725,1.8754129018487837,7,-12.102557626842177,-13.720651657292372
686,"bitcoin",2015-MAR-17,55.41706477159349,-1.7509024649595903,-0.3100634442880856,66,5.092380168473403,-851.1465640535912,250.5855,245.9725,1.8754129018487837,7,-12.475877955114212,-14.087099574054887
692,"bitcoin",2015-MAR-23,39.13834799231936,-6.572564403425504,-8.20838767623446,53,12.485566469220954,-60994.267026334885,240.492,240.447,0.01871514304607148,2,-11.379866899555607,-11.396449180835312
697,"bitcoin",2015-MAR-28,35.64408348597517,-5.226812626527708,-11.455841403828302,44,18.68923013631436,-587.9098534787047,243.60425,240.447,1.3130752307161266,4,-5.177671988976512,-6.406623434252218
698,"bitcoin",2015-MAR-29,28.604767577661278,-3.9893511815758065,-9.007647896828377,40,23.620902053042066,-262.32385509964655,249.93699999999998,240.447,3.946815722383719,4,-2.7126653328454853,-6.406623434252218
699,"bitcoin",2015-MAR-30,28.987630850832247,1.9830004985311938,-2.085459536863421,39,21.217165065488057,-207.05584967219573,254.83625,240.447,5.984374935016866,4,-0.8056448662156582,-6.406623434252218
700,"bitcoin",2015-MAR-31,29.347216551885595,-1.334001276633574,0.6225459699315635,42,21.769768736897287,-203.7464606869929,255.29525,240.447,6.1752693940868495,4,-0.6269802962951414,-6.406623434252218
788,"bitcoin",2015-JUN-27,71.11227859482364,2.770407494758918,1.3994489467773077,13,2.3359496394278656,-348.3685665937753,236.97424999999998,231.339,2.4359273620098576,3,-3.761526012593593,-6.050077872289449
789,"bitcoin",2015-JUN-28,67.64535300638744,-0.7884776285907857,1.9600858228511555,15,3.1492584664934533,-878.35717120718,233.0935,231.339,0.758410817026099,3,-5.189504254592193,-5.9031449815336074
792,"bitcoin",2015-JUL-01,60.61911041406834,3.85926726128564,3.040360173712089,19,3.575115709861163,-58509.70490573393,231.3745,231.339,0.015345445428575894,3,-8.949259393347921,-8.963229391301617
806,"bitcoin",2015-JUL-15,64.99610703646182,10.520414042169827,14.785692198336625,33,9.993737514387972,-2576.4535332262544,240.753,239.0745,0.7020824052753369,4,-16.806731400532154,-17.38674453160095
807,"bitcoin",2015-JUL-16,62.231106594803855,-2.707912773021635,7.527617633525514,28,13.055172984188518,-2325.526572357237,240.94225,239.0745,0.7812418304754379,4,-16.741335222364278,-17.38674453160095
808,"bitcoin",2015-JUL-17,62.387746992737924,0.4973227995353938,-2.2240570410980087,27,12.4957061888132,-2200.9488276574366,241.053,239.0745,0.8275663025542234,4,-16.703065067901445,-17.38674453160095
809,"bitcoin",2015-JUL-18,57.95197565820865,-1.6355842445754745,-1.1463955783939632,28,14.366262763685834,-2247.3016219937736,241.053,239.0745,0.8275663025542234,5,-17.08983971933687,-17.770344637820738
811,"bitcoin",2015-JUL-20,55.76972956938737,1.484170665075785,-0.17568844106027992,27,12.69369598646503,-1556.2456896279973,242.106,239.0745,1.268014782003097,5,-17.431539960814206,-18.465410606765946
815,"bitcoin",2015-JUL-24,52.781934377306165,3.332485007939618,4.866115437921292,28,9.059310804154318,-1104.3424432364397,242.74400000000003,239.0745,1.5348772035495328,1,-14.117153819890977,-15.415423206808521
817,"bitcoin",2015-JUL-26,38.21028205701474,1.529079569027105,4.91252092436402,32,7.416822123367714,-801.858886005877,244.34075,239.2345,2.1344120517734764,1,-13.165895489502045,-14.980560649352507
819,"bitcoin",2015-JUL-28,57.71155203168421,0.5948354208947617,2.1330104968121053,33,6.781647063618481,-781.3612248434812,249.68775,244.5815,2.087749891140576,0,-12.43435322916357,-14.225118229943872
820,"bitcoin",2015-JUL-29,54.803943298146244,-1.642852048215702,-1.0577888932166224,30,8.565212887185341,-784.5789980879664,249.68775,244.5815,2.087749891140576,0,-12.502934817270383,-14.292297287352765
823,"bitcoin",2015-AUG-01,59.53820332680455,-2.7587278566248754,-4.356258087743319,26,11.645200123579109,-568.3258071329464,255.03474999999997,247.90099999999998,2.8776608404161306,1,-10.986984929183228,-13.47682835742757
824,"bitcoin",2015-AUG-02,63.0906414566805,0.3597288361902041,-2.408922960046963,25,10.025688748611183,-484.85830788383424,257.76125,249.359,3.369539499276147,1,-10.035373489602598,-12.967952700391605
825,"bitcoin",2015-AUG-03,55.496062711222066,-0.4907754039078038,-0.13281202836638495,27,5.883858946687205,-477.2261503017415,258.15875000000005,249.359,3.5289482232444165,1,-10.252944969868032,-13.312115528686618
826,"bitcoin",2015-AUG-04,63.91860967316249,1.419138276196824,0.9213980906820052,27,4.402246702522275,-430.93196581688835,259.38975000000005,249.359,4.0226139822505065,1,-9.824996567026401,-13.312115528686618
828,"bitcoin",2015-AUG-06,55.56830661491131,-2.328394421109474,-0.9422992813634457,26,6.891092947371822,-336.26142800270395,269.02725,257.9435,4.296968134494573,2,-6.291341709365394,-10.152078275378027
909,"bitcoin",2015-OCT-26,81.44744956735572,2.4133363486576473,0.028749938643421392,41,3.070101647388719,-1741.0534272123946,237.3045,235.12,0.9291000340251725,5,-14.459588058453315,-15.247027950601618
915,"bitcoin",2015-NOV-01,83.40306361797452,14.066246056782324,16.819048234419924,56,2.685054589144857,-979.5535473161992,239.28725,233.117,2.646846862305199,5,-21.249786082881364,-23.28043546943289
923,"bitcoin",2015-NOV-09,74.47169315540235,16.847196487120165,33.283210655450404,82,30.32291318765993,-974.2582265708197,240.65599999999998,229.3745,4.918375843871034,7,-40.19579703608168,-42.99930542871449
926,"bitcoin",2015-NOV-12,55.41782109001022,-11.072774465690314,3.9089699506193334,57,46.550072156899866,-1511.8354369802498,249.87725,243.1695,2.7584668307497466,5,-37.26083064782395,-38.94501223387093
930,"bitcoin",2015-NOV-16,44.29587784296966,-2.1886607206226816,-13.019089720899293,58,49.82932780248587,-1170.3347629370412,255.845,249.34749999999997,2.605801140977965,10,-26.011772990371373,-27.890795464897217
938,"bitcoin",2015-NOV-24,41.36573054875113,-3.236573736738509,-5.354396839291205,44,54.8408666254226,-489.7241633290695,278.20825,265.724,4.698201893694221,22,-14.472068211268011,-18.3100280217103
939,"bitcoin",2015-NOV-25,59.170840875264346,2.5496334901857938,-0.7694610144791578,43,36.36587996563133,-453.82812150949377,284.3035,271.6435,4.660520130244223,22,-12.59824122649935,-16.49023082941495
941,"bitcoin",2015-NOV-27,62.35536907396272,9.090632103008463,11.87204339376214,55,9.08943643483168,-410.787832767038,295.50424999999996,279.643,5.6719638968255905,17,-12.955650731839516,-17.62777367027309
942,"bitcoin",2015-NOV-28,64.90459975718625,-0.18461521274040515,8.889234200471641,56,9.09785355125203,-388.3076098067711,296.741,279.643,6.114224207292875,17,-12.59135106793485,-17.62777367027309
954,"bitcoin",2015-DEC-10,80.3243614844361,16.256600099053955,16.041972729456326,83,1.8390821196739233,-262.5854648690812,376.26775,362.5765,3.77609966448459,5,-2.5951189836717097,-6.139389193422085
967,"bitcoin",2015-DEC-23,61.8978541930467,6.479749879055266,23.789737003366167,90,6.035700642629649,-6361.571729052715,368.88325,367.849,0.2811615635763549,9,-17.373470281433505,-17.605132977859615
968,"bitcoin",2015-DEC-24,65.96076087334717,2.8444781996424062,9.508543151398754,91,3.1029594382232366,-155529.66033362685,368.88325,368.842,0.011183650451952572,8,-17.373470281433505,-17.382709910370007
969,"bitcoin",2015-DEC-25,54.48711407513186,0.14681802696792343,2.9954724333805776,94,2.9518076255396077,-155529.66033362685,368.88325,368.842,0.011183650451952572,8,-17.373470281433505,-17.382709910370007
983,"bitcoin",2016-JAN-08,50.1747654030364,-0.5317643030990692,-0.38572700198907556,84,2.7251064580897113,-342.8461832816868,401.54499999999996,380.8485,5.434313119258697,1,-8.479876376209265,-13.197021997695726
985,"bitcoin",2016-JAN-10,65.99614280725376,-1.1559252476667548,-1.6815427529282228,81,3.3355580804078744,-319.2445948257162,408.95849999999996,386.033,5.938740988464701,2,-7.854873597404373,-13.020368617908169
986,"bitcoin",2016-JAN-11,66.7127930968245,0.09754660249871355,-1.059506210974565,82,3.2348559857992876,-333.11017245809467,408.95849999999996,388.036,5.391896628147893,2,-7.854873597404373,-12.569059528637746
987,"bitcoin",2016-JAN-12,51.454377607802996,-2.840589793679253,-2.7458140900151986,75,6.253069843237171,-310.2669734756518,411.2315,388.036,5.977667020585714,2,-7.342729034293197,-12.569059528637746
988,"bitcoin",2016-JAN-13,54.55999975862331,-0.7617801647960745,-3.580730908863857,68,7.068697946902093,-290.5917442173226,415.31675,390.28499999999997,6.413710493613653,2,-6.594304349048389,-12.224002698827713
989,"bitcoin",2016-JAN-14,49.91267849397498,-0.47759909892199015,-1.235741008515232,68,7.58251105027586,-300.177410332346,416.42925,394.6325,5.52330332651265,2,-6.143781053599531,-11.056405563813348
1054,"bitcoin",2016-MAR-19,59.46285750088219,-4.61578504599052,-5.071339197124684,15,7.568145715371644,-329.4832130374611,411.54625,408.924,0.6412560769238314,1,-0.8397555366279446,-1.4715750491227813
1055,"bitcoin",2016-MAR-20,56.055277371169424,0.806687392189916,-3.846332609817197,16,6.707350968568358,-228.1708957161827,413.619,408.924,1.1481351057898412,1,-0.34033561307996285,-1.4715750491227813
1064,"bitcoin",2016-MAR-29,49.15469660565826,0.6673031141617682,1.4793735564413177,16,2.9485061798346295,-199.71875214539247,418.96175,402.788,4.0154498147909035,2,-0.14949152623162276,-4.004156448333962
1065,"bitcoin",2016-MAR-30,46.92393140984268,-0.4081475861671689,0.2564319464417297,16,3.3704100131142614,-198.42541434200734,419.0895,401.548,4.368469024873735,2,-0.11904506552841275,-4.299683738134221
1066,"bitcoin",2016-MAR-31,45.48520716239173,0.46116832523335916,0.05113849167858268,17,2.895886775338419,-208.45229093076054,418.34749999999997,401.48,4.201330078708764,2,-0.5465396716720655,-4.556438719922782
1068,"bitcoin",2016-APR-02,62.22987168076989,0.994411236079084,1.4601654709558014,18,1.882753229596585,-236.89689751545137,414.84275,401.48,3.328372521669823,1,-1.379721452573593,-4.556438719922782
1069,"bitcoin",2016-APR-03,58.01051867389713,0.007365642367176301,1.0018501232215689,18,1.8752494630604675,-235.3371940203524,414.99675,401.48,3.3667305967918706,1,-1.3431111396386237,-4.556438719922782
1070,"bitcoin",2016-APR-04,58.37381091322997,0.12829528823675243,0.13567038037603418,18,1.7447157866762864,-248.5228604913539,415.797,406.749,2.22446766925057,1,-1.1528682634944016,-3.3038430130762957
1071,"bitcoin",2016-APR-05,55.78344112670183,0.6136046544736562,0.7426871685704998,19,1.1242129094639655,-236.50268841014488,416.59375,406.749,2.4203501422252973,1,-0.9634574399168906,-3.3038430130762957
1072,"bitcoin",2016-APR-06,54.54553973355157,-0.14550857250665328,0.46720323459344393,19,1.2715717278401972,-214.073727954244,417.7325,406.749,2.7003139528308595,1,-0.4632139278706377,-3.0803487924627677
1073,"bitcoin",2016-APR-07,56.52448466707184,-0.15776558584644457,-0.3030445959012259,18,1.431595879312593,-241.7317553672961,415.37225,406.749,2.1200420898391843,0,-0.9484332281307047,-3.004772868454584
1074,"bitcoin",2016-APR-08,51.45603096933112,-0.5667719310695608,-0.7236433458585403,18,2.0097585577698616,-233.32448950467244,415.32349999999997,406.749,2.1080568114488156,0,-0.7617472877089372,-2.810555982332608
1075,"bitcoin",2016-APR-09,48.58661759190458,-0.22314790804783363,-0.7886550994098105,17,2.237900293506852,-258.8395275555628,415.0105,406.749,2.0311051778861056,1,-1.2606201627849964,-3.2261978687108646
1076,"bitcoin",2016-APR-10,36.40877045509083,0.5133389443767616,0.28904553121335647,18,1.71575371711057,-253.96963990517162,415.44624999999996,406.749,2.138235127806077,1,-1.2243934797287752,-3.2922329266089028
1077,"bitcoin",2016-APR-11,40.99104431442919,0.21799774174264944,0.7324557534256381,18,1.4944980034699673,-221.01250176459382,418.079,406.749,2.78550162385156,1,-0.679197411495275,-3.3708052017161587
1078,"bitcoin",2016-APR-12,62.3944923488889,0.6407358402586598,0.8601303716636088,19,0.8483266304475712,-211.68489115103108,419.02525,406.749,3.0181389505567324,1,-0.45440183589981425,-3.3708052017161587
1079,"bitcoin",2016-APR-13,62.87049678534645,-0.3424351466403296,0.29610658890416336,19,1.1948533749947008,-218.95480445326547,419.02525,406.749,3.0181389505567324,1,-0.680440203272828,-3.5902212867625996
1080,"bitcoin",2016-APR-14,60.73254465359113,0.1293264170446558,-0.2135515887015253,19,1.0641507299390602,-251.29310970700135,416.40125,406.749,2.373023658324908,1,-1.3023944289587845,-3.5902212867625996
1081,"bitcoin",2016-APR-15,67.33790378582376,1.280044875813737,1.4110267290328466,20,-0.21316553141282596,-251.29310970700135,416.40125,406.749,2.373023658324908,1,-1.3023944289587845,-3.5902212867625996
1083,"bitcoin",2016-APR-17,57.73540038492679,-0.5384989516258576,0.7346528959512821,17,1.2227450228007082,-306.74332673010076,415.669,407.9405,1.8945164797317247,0,-2.0964740796570673,-3.9167863956473625
1084,"bitcoin",2016-APR-18,59.05857646166222,0.2788963006464702,-0.26110450463449186,17,0.9412236841184233,-306.74332673010076,415.669,407.9405,1.8945164797317247,0,-2.0964740796570673,-3.9167863956473625
1088,"bitcoin",2016-APR-22,76.29618447469761,4.000550641520707,4.290604329911867,22,1.0793360210168728,-527.3322498189552,415.093,409.0195,1.4848925295737792,1,-4.954754861104741,-6.345424654021226
1089,"bitcoin",2016-APR-23,80.81380310462627,1.0196595750408781,5.06100221423221,22,0.059074091347204545,-497.37885127486396,416.49475,410.2165,1.5304723237607494,1,-4.644380873230364,-6.081773339240184
1092,"bitcoin",2016-APR-26,83.89286257501713,3.510466774154867,4.5659211597870435,26,0.1139267393137375,-693.4914314422963,416.03125,410.472,1.3543554736985763,1,-6.792491086021163,-8.037983687670772
1093,"bitcoin",2016-APR-27,63.344871302389414,-4.591826882848552,-1.2425546657427946,22,5.2346931662045355,-666.8991429210644,416.467,410.472,1.4605137500243635,1,-6.940051460754747,-8.279639931132413
1095,"bitcoin",2016-APR-29,65.04698279618478,2.340972414304886,-2.3583478691837865,21,2.827529076218915,-620.8804839387102,419.05674999999997,412.22249999999997,1.6579031954830212,2,-7.120962442277073,-8.635694187867301
1096,"bitcoin",2016-APR-30,59.51217129627633,-1.489572552664596,0.8165293790913545,22,4.382380363938096,-772.7500058998105,419.05674999999997,413.823,1.264731539812912,2,-7.351359418094999,-8.50848150870813
1097,"bitcoin",2016-MAY-01,63.440160050647954,0.793410034841344,-0.7079809359323354,22,3.5607192254495104,-1320.1021066500557,419.05674999999997,416.3435,0.651685447232864,2,-7.351359418094999,-7.951227870420012
1106,"bitcoin",2016-MAY-10,41.144700808420936,-0.21687413554633875,0.5748151981406052,19,3.7858037902394113,-1553.7677928219387,419.95475,417.771,0.5227145972314916,1,-7.116063243082451,-7.599056462930342
1107,"bitcoin",2016-MAY-11,56.26114341363407,0.40652480067422064,0.18876901798063814,20,3.3655970030570157,-1168.3713335268185,420.74249999999995,417.771,0.7112748371715448,1,-6.9418318022420795,-7.599056462930342
1108,"bitcoin",2016-MAY-12,55.058249792299314,0.4501599194218186,0.858514731811184,18,2.9023717692175657,-919.6410702352684,421.688,417.771,0.93759499821672,1,-6.819372045900001,-7.68491367785587
1109,"bitcoin",2016-MAY-13,51.22819419506428,0.19878355022143177,0.649838313512751,18,2.698224592358496,-676.173476925664,423.56525,417.771,1.3869440435070832,2,-6.715093198959159,-7.991203718488155
1110,"bitcoin",2016-MAY-14,57.93033722688417,2.1945706322039045e-4,0.1990034435291936,16,2.697999214345434,-678.0211750433849,423.56525,417.771,1.3869440435070832,1,-6.7410751637009,-8.016830257473877
1112,"bitcoin",2016-MAY-16,61.381026897950335,-0.3309405250718131,-0.33072179428095,15,3.0389970120859613,-509.43694247484297,426.26725,417.771,2.033709855399244,1,-6.46239172294239,-8.326759450756215
1113,"bitcoin",2016-MAY-17,55.55830827915381,-0.0836704002747902,-0.41433402608460423,15,2.9300348404413543,-388.90637258272665,430.36175,418.54449999999997,2.8234154313340643,1,-5.56391843631197,-8.15702710560819
1114,"bitcoin",2016-MAY-18,61.81643335293022,0.18422902576782577,0.10040448032975326,15,1.729360189521328,-361.70645385028035,434.12699999999995,422.29150000000004,2.802684875257946,1,-4.7376938563913,-7.3348071996357245
1116,"bitcoin",2016-MAY-20,33.510483980401844,-2.627034945745787,-2.447645680865089,11,4.4739267545563814,-303.52741860219356,434.50475,422.29150000000004,2.8921373032608892,1,-3.1643947506538197,-5.886292395757983
1117,"bitcoin",2016-MAY-21,34.67166273995164,0.11566021198348238,-2.514413167949434,12,4.353231585692755,-258.1656903486064,439.71675000000005,427.0905,2.9563406350644716,1,-1.8578119611954638,-4.675916574506097
1118,"bitcoin",2016-MAY-22,31.650845666335158,-0.872090399559557,-0.7574388491808928,11,5.271292420383184,-227.75675035317585,443.644,430.3275,3.094503604812618,1,-0.9812728983205766,-3.953437245070484
1120,"bitcoin",2016-MAY-24,45.59335698929128,1.5155136425818851,0.6302065940413564,13,3.699709180435938,-232.57010927131415,445.13725,437.051,1.8501845322399462,0,-0.6479882957009497,-2.45279165611145
1121,"bitcoin",2016-MAY-25,47.67577657034821,0.8112453221101336,2.339053498223405,13,2.865219895951727,-208.52838878640338,446.71275,437.051,2.210668777785668,0,-0.24157286433842817,-2.3992032059348616
1126,"bitcoin",2016-MAY-30,82.53080622459743,18.742256989005767,19.70554799419707,33,3.764254566706128,-611.0827738903049,447.27375,437.051,2.3390290835623344,0,-9.894961940323313,-11.954374722371359
1127,"bitcoin",2016-MAY-31,81.08065513594129,-0.4641631576581424,18.19109917949105,32,4.24813600659409,-611.0827738903049,447.27375,437.051,2.3390290835623344,0,-9.894961940323313,-11.954374722371359
1129,"bitcoin",2016-JUN-02,93.37064154714871,1.239400360566521,0.7694843630587466,35,2.971901883369405,-665.9444670824377,446.63075000000003,437.051,2.191906665354855,1,-10.484973293649603,-12.404974496186966
1135,"bitcoin",2016-JUN-08,92.73926677570802,8.118080494895647,9.458096374386985,41,1.480972070592893,-985.9466421192687,450.53875,440.2305,2.341557434116897,7,-18.889146933040248,-20.744949460852755
1136,"bitcoin",2016-JUN-09,88.75367309135164,-1.2060621169269892,6.81410928449808,41,2.719837112576792,-959.6766030758902,450.85375,440.2305,2.4131108589704677,7,-18.83243723001006,-20.744949460852755
1141,"bitcoin",2016-JUN-14,84.9617231000426,19.304421975880125,17.865536538610318,63,4.440901512488357,-1113.2180589004174,453.8745,440.2305,3.0992854879432494,10,-29.27648852606664,-31.402520260720923
1142,"bitcoin",2016-JUN-15,85.03802242496178,1.2996693209483183,20.854984946835366,66,3.10093035110278,-1445.4352501836822,450.5055,440.2305,2.3340045726045733,10,-29.801451946914653,-31.402520260720923
1144,"bitcoin",2016-JUN-17,81.36947979793867,7.839082810031828,9.240634285305864,76,3.313219630155331,-1869.794517477347,450.174,441.611,1.9390368446438129,10,-33.043349572721404,-34.31696776837194
1146,"bitcoin",2016-JUN-19,81.83763855982798,1.9858220424644326,9.980575086864913,82,1.8603500217994506,-2427.8898592437695,448.803,442.24,1.484035817655569,10,-33.57536917743087,-34.54671930674935
1152,"bitcoin",2016-JUN-25,57.80839469494502,-12.917053448567051,-11.187741100721176,57,16.96934251258789,-1330.0804981957465,496.033,485.2375,2.2247868311909125,3,-25.750732152359536,-27.366668936906535
1153,"bitcoin",2016-JUN-26,45.845488053259196,-5.375847775524239,-17.59850009361322,50,23.614679511318524,-1330.0804981957465,496.033,485.2375,2.2247868311909125,3,-25.750732152359536,-27.366668936906535
1155,"bitcoin",2016-JUN-28,45.930468296958665,2.8018628240756214,-2.7246088317499275,55,20.245563762652612,-1380.1842577370303,497.30975,487.2465,2.065330382055075,1,-24.9207781032036,-26.440034421329138
1158,"bitcoin",2016-JUL-01,41.88749744222538,4.527813712807256,7.456539666045423,61,15.036906916498094,-955.045702669484,517.7935,506.5725,2.2150827374166586,7,-17.144423019994072,-18.93996975685471
1160,"bitcoin",2016-JUL-03,39.386664212627174,-2.607142434673584,1.8026247254641046,56,18.116368892181754,-580.9584140901001,532.458,508.1055,4.792803856679363,1,-19.363397635684628,-23.05139341953422
1161,"bitcoin",2016-JUL-04,45.23372992690459,3.7952582803979036,1.0891680565906032,56,13.797461318604803,-543.7147175788099,534.6422500000001,508.169,5.209536591173433,1,-19.1101534001764,-23.11548057268996
1162,"bitcoin",2016-JUL-05,51.44599354629798,-1.9066439263846873,1.8162522925193978,60,16.009346477251896,-551.2734847428264,534.6422500000001,508.6725,5.105396890926891,1,-19.1101534001764,-23.039302459637703
1165,"bitcoin",2016-JUL-08,50.91500452708519,-0.6119646241502248,-2.506940564196929,53,16.723653947425667,-528.5213903903247,547.13525,521.883,4.8386803172358555,1,-16.899389581729054,-20.73478017196206
1166,"bitcoin",2016-JUL-09,48.41786874645064,-2.334953182410808,-2.9326287190942084,51,17.767758387612133,-359.2438508091989,592.8287500000001,560.7470000000001,5.721252186815097,1,-9.959318105531406,-14.83199448360496
1167,"bitcoin",2016-JUL-10,54.615292770455156,-0.24579083200196983,-2.5750049135588737,52,17.66724159172107,-318.36261472257735,609.22775,576.327,5.708694890227252,1,-7.468586773106351,-12.465655428834397
1168,"bitcoin",2016-JUL-11,49.432759765642125,-0.2619502279167214,-0.5070972102740636,53,13.621983173243951,-318.36261472257735,609.22775,576.327,5.708694890227252,1,-7.468586773106351,-12.465655428834397
1170,"bitcoin",2016-JUL-13,53.673212647062385,1.0513248484155966,0.7866206726623056,55,7.7161908603629215,-216.55070101732196,639.3045,605.1859999999999,5.6376882479105666,3,-1.3035161822190242,-6.570765174110939
1172,"bitcoin",2016-JUL-15,48.00702594518725,1.3426172097031537,2.4080573264634633,55,6.289134646553733,-203.82027570379512,643.30875,607.3199999999999,5.925829875518689,2,-0.5909527098757142,-6.152212914501362
1177,"bitcoin",2016-JUL-20,46.47169627758816,0.3663749236718834,1.7139111461522922,52,5.90113942780745,-204.85966307747648,656.5745,607.6895,8.044404255791813,1,-1.0695034071774963,-8.435335199213476
1178,"bitcoin",2016-JUL-21,61.22979370484859,-0.10109886808325289,0.2649056546878574,51,6.008312631952509,-201.97629532813872,658.69525,607.6895,8.39339004540971,1,-0.8842909421402069,-8.559268220749603
1179,"bitcoin",2016-JUL-22,42.57827496250645,-2.164321846823804,-2.2632326100182394,48,8.353429580138288,-206.9890742156579,658.69525,607.6895,8.39339004540971,1,-1.340347550490983,-8.980010304893035
1180,"bitcoin",2016-JUL-23,52.75557827724603,0.7588158353813848,-1.4219292283447373,49,7.537418618699229,-199.50371195983408,659.93875,607.6895,8.59801757311918,1,-0.6929192746599685,-8.555346640212424
1181,"bitcoin",2016-JUL-24,56.34995536124548,0.8739146617527607,1.639361899975245,50,3.3838662603869842,-201.4091641316109,658.957,607.6895,8.436463029227927,1,-0.8406522673083103,-8.555346640212424
1182,"bitcoin",2016-JUL-25,52.8802859323097,-1.086974602478506,-0.22255917114633378,50,4.4938288969373055,-200.7679093323778,659.28325,607.6895,8.490149986136013,1,-0.7915584156642931,-8.555346640212424
1183,"bitcoin",2016-JUL-26,42.581342190701115,-0.35361727694821843,-1.4367481494363212,48,4.70217127146417,-204.29642609554736,657.53775,607.6895,8.202914481820075,1,-1.054219926912239,-8.555346640212424
1185,"bitcoin",2016-JUL-28,46.8737485698785,0.498784873516376,0.1434038070805994,50,4.172296136847656,-223.18001336951778,646.49975,607.6895,6.386526342811584,0,-1.9828208339271514,-7.866924002923084
1257,"bitcoin",2016-OCT-08,72.08950795976611,-5.484745089957029,-5.01331729530029,16,-0.1931811574070942,-1154.379052437261,600.0805,598.9585,0.18732516526605283,1,-1.791492028993811,-1.9751173025087407
1258,"bitcoin",2016-OCT-09,71.236590919618,-0.380547497367179,-5.844420527147407,16,0.5021467299660308,-268.49026392641423,605.7784999999999,597.222,1.4327168121736833,1,-1.0158571427404446,-2.4139883381495473
1259,"bitcoin",2016-OCT-10,66.53768626160561,0.3635172646379867,-0.018413588582269824,16,0.13812734856880973,-278.936305097463,606.693,597.222,1.5858424505460287,1,-1.2968060598961388,-2.8376478856741256
1261,"bitcoin",2016-OCT-12,78.46280280671611,2.7783791119138437,3.151996264300733,20,0.9255067652532623,-347.3055203988459,606.693,594.7784999999999,2.003182697424351,1,-3.0500359951069203,-4.95398139440493
1262,"bitcoin",2016-OCT-13,78.48080633194161,0.09336803983702047,2.8743412698668993,20,0.831362498547408,-347.3055203988459,606.693,594.7784999999999,2.003182697424351,1,-3.0500359951069203,-4.95398139440493
1263,"bitcoin",2016-OCT-14,78.15120421355483,0.5640827530756171,0.6579774659222428,20,0.2657805233783794,-347.8286306660644,606.693,594.7784999999999,2.003182697424351,1,-3.0607247600657463,-4.964460248766301
1264,"bitcoin",2016-OCT-15,73.99618866615043,-0.27046525645791775,0.2920918487529584,20,0.5377000717142334,-354.83777741630024,606.693,594.7784999999999,2.003182697424351,1,-3.2039433640009296,-5.104866263704107
1265,"bitcoin",2016-OCT-16,79.69193652674994,0.4673950827218856,0.19566568495481249,20,0.07340667766987626,-356.2507187031267,606.693,594.7784999999999,2.003182697424351,1,-3.232814136115219,-5.13317005908658
1266,"bitcoin",2016-OCT-17,75.40445971448476,-0.3799691723124332,0.08564995318220509,20,0.5796371362014354,-430.33872422044317,603.6479999999999,593.3095,1.7425138144593935,2,-4.1139866332564425,-5.75619790405014
1267,"bitcoin",2016-OCT-18,76.07536860485729,-0.1928994841933418,-0.5721356979322906,20,0.7740297197316427,-314.5654775095749,601.32075,580.076,3.6624080292927053,2,-4.483656912306067,-7.858263276400905
1268,"bitcoin",2016-OCT-19,65.28764324916749,-1.1662173177001778,-1.3568671747031025,18,1.9631415339719664,-311.79894891665765,601.59825,580.076,3.7102465883780718,2,-4.4395776331412655,-7.858263276400905
1270,"bitcoin",2016-OCT-21,63.394060622967565,0.3660470722578178,-0.8044391497899652,19,1.5912696656911596,-765.3826401926971,601.5867499999999,596.029,0.9324630177390599,2,-5.329838202675103,-6.204447046252653
1272,"bitcoin",2016-OCT-23,75.79223474672031,3.8308987592205233,4.210968724227629,23,0.1713665646482612,-885.029634913549,601.5867499999999,596.029,0.9324630177390599,2,-6.455905334276686,-7.320111023860804
1273,"bitcoin",2016-OCT-24,71.865385616939,-0.5037507362218175,3.30784984229522,23,1.1270173656733962,-907.6352899848706,601.5867499999999,596.029,0.9324630177390599,2,-6.668660240687229,-7.530900397318531
1274,"bitcoin",2016-OCT-25,62.73866444704983,0.5853821197654798,0.07868251680563274,23,0.538483062342995,-845.9612003678382,602.04625,596.029,1.009556581978392,2,-6.597372515983505,-7.530900397318531
1277,"bitcoin",2016-OCT-28,78.7614302022399,4.875849315985083,5.489773785833047,29,-0.1532659272588458,-537.8360190911267,608.9067499999999,596.029,2.1605911792882355,1,-7.503643836011826,-9.459846408229637
1279,"bitcoin",2016-OCT-30,75.93390030730751,1.7708957139190808,6.733091236458097,31,2.6412524363694403,-606.232698465823,609.8879999999999,596.029,2.3252224304521967,2,-9.719516599856721,-11.771036255010747
1285,"bitcoin",2016-NOV-05,62.74288906408399,0.22141041569306497,1.9962270771738246,24,6.0213130741607435,-860.4863328553433,611.2407499999999,598.7239999999999,2.0905709475484535,4,-14.140304941730426,-15.898506334750437
1287,"bitcoin",2016-NOV-07,63.15164439566356,-0.04080077564123104,0.1805193028848807,24,6.064588248846951,-633.1714026191855,622.35625,605.355,2.808476018204199,4,-12.586055905877327,-14.97399097848278
1288,"bitcoin",2016-NOV-08,63.689968564663545,0.955298514786005,0.914107969941052,25,5.060942624336487,-633.1714026191855,622.35625,605.355,2.808476018204199,4,-12.586055905877327,-14.97399097848278
1289,"bitcoin",2016-NOV-09,62.022000310643,1.8912499577374409,2.8646155552806025,26,3.110858555483199,-632.0916489605353,622.39075,605.355,2.814175153422373,4,-12.581210158652576,-14.97399097848278
1290,"bitcoin",2016-NOV-10,57.529831239974094,-1.0699970827059815,0.8010165556569908,26,4.226074512182514,-618.0130185744387,622.85375,605.355,2.8906591999735647,4,-12.516178826331936,-14.97399097848278
1291,"bitcoin",2016-NOV-11,57.33645968527287,0.12256580400092137,-0.948742729232265,27,4.09848536664011,-615.3771856417915,622.9527499999999,605.366,2.9051433347759765,4,-12.502273638643516,-14.972445957628514
1292,"bitcoin",2016-NOV-12,47.438369585358224,-1.585263207851355,-1.4646403944466675,25,5.775302317269323,-583.7014326355147,624.44475,605.764,3.0838329778593625,4,-12.292712628227957,-14.91654429399219
1293,"bitcoin",2016-NOV-13,50.01919348348215,-0.4287614849359091,-2.0072276947171384,22,6.230778982694508,-586.9527781646165,624.44475,605.764,3.0838329778593625,4,-12.396070731876687,-15.016810359642784
1294,"bitcoin",2016-NOV-14,51.44156281948798,0.4259071180617393,-0.004680492558019026,23,5.780253354155418,-603.2107752504996,624.44475,606.319,2.989474187680089,4,-12.50359929968663,-15.043356235738553
1295,"bitcoin",2016-NOV-15,43.692322626745955,0.9358586481821208,1.365751654841464,24,4.7994783725561,-574.4072367334901,626.00175,606.8545,3.1551632228153514,4,-12.28543444860831,-14.968322659789642
1298,"bitcoin",2016-NOV-18,70.87705572195523,5.616207549264425,6.604625961496194,30,0.5401917281478402,-502.71090109953775,637.12925,614.504,3.6818718836655147,2,-11.691349725564127,-14.827299440039917
1299,"bitcoin",2016-NOV-19,70.81715297097074,0.00412461664348664,5.620563812939221,31,0.5360450017029967,-497.9989871310435,638.6032500000001,615.97,3.674407844537898,2,-11.48704745800298,-14.62410600432444
1300,"bitcoin",2016-NOV-20,58.01077021027292,-2.7394307731607674,-2.7354191475348872,26,3.4487145464046445,-524.2843025192328,638.6032500000001,617.5925,3.4020409898112662,2,-11.52334657843984,-14.434325885039136
1303,"bitcoin",2016-NOV-23,57.97001308249787,1.8560215368536959,-0.934253661444133,30,1.5636709401364925,-759.5209733163006,653.6700000000001,642.19,1.7876329435213902,1,-10.21293984732614,-11.789814188435107
1304,"bitcoin",2016-NOV-24,59.42633889146042,-0.5781674308415141,1.2671231939766894,29,2.1542937960715314,-768.2485351181552,654.65625,643.115,1.7945857272805004,2,-10.41291908228343,-11.992292833991437
1306,"bitcoin",2016-NOV-26,62.46363903691593,-0.6628492386081705,-1.2371842910364712,28,2.8359410483259064,-654.3190959446015,670.8177499999999,658.094,1.9334244044163722,3,-8.991127955115429,-10.71734067933313
1307,"bitcoin",2016-NOV-27,62.411041849248306,-0.4551376019538118,-1.114969964432812,28,3.3061260732068822,-489.17494879573144,676.2170000000001,658.094,2.7538619103046136,3,-8.258619531794253,-10.71734067933313
1308,"bitcoin",2016-NOV-28,62.46545934119167,0.516095541879831,0.058608995052916724,28,2.775705240326004,-452.1933872636876,684.33,666.1189999999999,2.7338958954781547,3,-7.157940578531398,-9.628600558547438
1310,"bitcoin",2016-NOV-30,49.154689091197945,1.3424606523668436,1.8654845738250307,29,1.4142587211056503,-411.91092164695374,691.3552500000001,670.7795,3.067438703776738,3,-6.793720234985609,-9.567676331905394
1311,"bitcoin",2016-DEC-01,56.64385004954839,1.486272464063529,2.8486857394473883,31,-0.0709590974319988,-350.04825972151406,696.4457500000001,670.7795,3.8263319019141315,3,-6.107435481750846,-9.567676331905394
1313,"bitcoin",2016-DEC-03,56.844651585050634,1.9003031288072756,3.414819275008005,28,1.3150404263734368,-362.4464728821642,699.42875,670.7795,4.271038396373183,3,-7.416900023230862,-11.209189626724367
1314,"bitcoin",2016-DEC-04,70.1160294460247,0.3523286498823174,2.259327091046991,29,0.9593317757975598,-362.4464728821642,699.42875,670.7795,4.271038396373183,3,-7.416900023230862,-11.209189626724367
1315,"bitcoin",2016-DEC-05,57.94797587558382,-1.9605309405172835,-1.6151098028282158,26,2.978252273625939,-362.4464728821642,699.42875,670.7795,4.271038396373183,3,-7.416900023230862,-11.209189626724367
1316,"bitcoin",2016-DEC-06,55.12647475888459,0.7280875181231053,-1.246717803461026,27,2.233900008374508,-364.4533749806586,699.42875,670.7795,4.271038396373183,3,-7.5062765268804625,-11.294905185928684
1317,"bitcoin",2016-DEC-07,61.24215806091185,0.5113683946068039,1.243179122182668,28,1.7137679461342714,-366.3727950884184,699.42875,670.7795,4.271038396373183,3,-7.591757058489352,-11.376884355718811
1318,"bitcoin",2016-DEC-08,65.32322592888086,0.34863799451135974,0.8617892136336857,29,1.3603871252319124,-369.21315895256544,699.42875,670.7795,4.271038396373183,3,-7.718251415867609,-11.49819738695324
1320,"bitcoin",2016-DEC-10,71.17585121093605,0.4981772421219279,0.8485520717793336,30,0.8579358419931675,-376.51629058080533,700.28675,670.7795,4.39894928214115,3,-8.299941990726381,-12.163811379507674
1321,"bitcoin",2016-DEC-11,70.06500137090882,-0.6349964500096796,-0.13998261568998208,28,1.5024729418459246,-398.09831964737094,700.348,672.742,4.103504761111986,3,-8.630934325891113,-12.232478739524693
1323,"bitcoin",2016-DEC-13,72.55807132089069,1.4063354600503353,0.7624088297941087,31,0.17500345907276166,-373.2010703570549,703.8487500000001,673.982,4.431386891638076,2,-8.211699654741825,-12.106596419617448
1324,"bitcoin",2016-DEC-14,69.97443829690877,0.11850527060197531,1.5265073122948147,30,0.8930479435840464,-341.90688041447686,712.8,679.8775,4.842416464730763,2,-7.438969518359308,-11.714138606507184
1325,"bitcoin",2016-DEC-15,64.10008626531231,-0.43417562295180934,-0.31618487334670087,31,1.333011176113765,-350.2486354447436,712.8,679.8935,4.839949197925842,3,-7.858167763285471,-12.111906824028233
1327,"bitcoin",2016-DEC-17,65.92134746181101,1.6374754526480277,1.1961903104490008,32,-0.2995590702920498,-347.823693592839,714.36675,680.1895,5.0246659203060435,2,-8.053333865337686,-12.45231267440305
1328,"bitcoin",2016-DEC-18,64.19606258619706,-0.03780842634753887,1.5990479226000154,32,0.2503383805801224,-330.1852365089614,719.45725,682.858,5.359716075670212,2,-7.6388019674938565,-12.337275124990303
1329,"bitcoin",2016-DEC-19,84.73771509934117,0.27627035027134744,0.23835747045190614,33,0.2551992269595227,-314.0823092235453,722.6095,682.858,5.8213420652610175,2,-7.366604087173716,-12.462463521112408
1334,"bitcoin",2016-DEC-25,93.24314868294196,13.052500649666833,13.364831189202183,44,3.2285816624506345,-411.9763977986109,727.1435,684.029,6.303022240285137,3,-14.60034211844485,-19.663941737686873
1335,"bitcoin",2016-DEC-26,96.55668921447632,1.275074398867198,14.494004142729908,49,1.9289121979704882,-427.83441981317674,726.95425,686.217,5.936496764143123,3,-14.680736819867606,-19.46187972395662
1338,"bitcoin",2016-DEC-29,96.7234710580431,7.259395555359674,8.627032648465766,58,0.24899922649993705,-437.43089132512193,733.3725000000001,688.3875,6.534836846979355,2,-16.95668937591189,-22.050558219404934
1339,"bitcoin",2016-DEC-30,93.51636943050464,-1.2592745534911667,5.908705280902595,55,1.8891263141906571,-457.65164737424817,744.883,704.6545000000001,5.708968011983169,2,-15.874919673340129,-20.41821814292667
1348,"bitcoin",2017-JAN-08,53.24032097475934,-5.20568267172127,-6.399403387991952,44,30.71787831198234,-530.3102682022468,755.0740000000001,705.995,6.951748950063395,3,-25.041893008037096,-29.91408955176467
1349,"bitcoin",2017-JAN-09,51.03806563508658,-0.9186796737046442,-6.076538796843246,43,31.92989140788721,-513.0895545570336,758.37525,707.386,7.208122580882302,2,-24.714169565424562,-29.776001461291656
1350,"bitcoin",2017-JAN-10,48.95990049472431,0.5373116474012768,-0.3863041991924906,46,31.224805245026044,-598.9313344824861,761.64425,720.5275,5.706478933836672,2,-24.389647661933346,-28.47141149655325
1352,"bitcoin",2017-JAN-12,37.71841781672468,-11.330547473280756,-10.854116177167747,20,47.99325078214886,-543.5678861982476,763.6535,721.079,5.904276785206623,0,-21.83149808200668,-26.189475731434868
1353,"bitcoin",2017-JAN-13,40.77163746082048,2.3793726408178695,-9.220770779097009,24,44.553777743257136,-513.9967690777701,767.9892500000001,723.069,6.212443072514535,0,-21.10466824459537,-25.71931360100593
1356,"bitcoin",2017-JAN-16,35.83204994814176,0.9162799277655821,3.3174542824980113,31,43.24128658599648,-382.03310698570067,771.12775,736.4465,4.709269444555711,15,-9.197900475719468,-13.281698930808721
1358,"bitcoin",2017-JAN-18,30.70417092031309,6.624383368569423,7.601361191479447,37,34.341960122623256,-295.7378552439602,793.7565,756.2185,4.963909240517127,16,-5.234646049078203,-9.71624948364498
1359,"bitcoin",2017-JAN-19,40.02870951865759,1.4047763523862504,8.122217492008744,41,32.48089977120878,-248.38891421356925,814.8720000000001,776.969,4.878315608473442,16,-2.7136993464676427,-7.238879563324817
1363,"bitcoin",2017-JAN-23,54.569428583816546,2.4401800521203465,3.8792354768344306,40,29.325133657324763,-243.0317968452094,853.542,813.6815,4.898784106557664,11,-2.45128375679507,-7.006818931176964
1364,"bitcoin",2017-JAN-24,51.384942799454805,-3.075421384303346,-0.7102871513214131,36,33.42862615900085,-198.94675249769196,873.46875,831.618,5.03244879259467,11,-0.19758386102344602,-4.979444651381736
1368,"bitcoin",2017-JAN-28,77.6065938138418,3.237752986209054,0.06275705419691473,36,2.2932106468169158,-198.96484450549679,906.826,845.1975,7.291609357576191,7,-0.45069250541889194,-7.21612986267353
1408,"bitcoin",2017-MAR-09,53.00838754552331,28.960817717206126,33.136250443884585,51,7.725769674124304,-1607.1205479020653,986.2355,973.4279999999999,1.315711074676311,7,-18.774537862534434,-19.82935195746977
1410,"bitcoin",2017-MAR-11,54.12190463004967,-1.0652172083904854,27.587104894801364,48,8.885638230016246,-859.9036405120175,995.74375,973.4279999999999,2.292491072786081,4,-15.527600570080931,-17.420723120514438
1412,"bitcoin",2017-MAR-13,55.73463366552116,4.770247399709154,3.6542166951341675,61,3.9280148061562334,-673.9496537626852,1002.91975,973.4279999999999,3.029679647595933,3,-14.885982220524898,-17.3888358474954
1415,"bitcoin",2017-MAR-16,44.19081540408078,-3.5805896486784956,1.0188547664203174,52,7.787440752308871,-647.7615606811635,1004.0895,973.4279999999999,3.1498477545334804,1,-14.647271336280179,-17.253655219313174
1416,"bitcoin",2017-MAR-17,35.27346419340692,-7.373233092834706,-10.689817520618226,45,16.367486798214912,-801.62953513556,997.117,973.4279999999999,2.4335646806954476,1,-15.056565518886423,-17.074608556386643
1419,"bitcoin",2017-MAR-20,36.37297968107596,-4.180943984439617,-11.24590633182074,37,21.44503571326939,-303.04112941692404,1031.587,973.4279999999999,5.974658629092251,1,-6.881142426437578,-12.131014359314618
1420,"bitcoin",2017-MAR-21,44.72681655173981,6.28989878868937,1.845977659216704,40,14.258304031984578,-279.8135278222206,1039.0997499999999,973.4279999999999,6.746441441996735,1,-6.202984697389258,-12.131014359314618
1421,"bitcoin",2017-MAR-22,44.45291137819649,-6.371927820515097,-0.48281684262446695,34,22.034237566006425,-224.21809565933367,1068.492,973.4279999999999,9.765899481009392,1,-3.5498175466627075,-12.131014359314618
1422,"bitcoin",2017-MAR-23,40.711829373703516,-1.0055855271937186,-7.313438163742486,36,23.273861677851706,-210.24627348284235,1081.976,978.0730000000001,10.623235688951643,1,-2.3326495564476994,-11.71172147036854
1446,"bitcoin",2017-APR-16,70.59424868160549,13.898651055758302,12.75330270507272,43,2.1243680998190846,-661.5197427568869,1113.4,1099.729,1.243124442476287,11,-5.824039653035936,-6.980389171540832
1447,"bitcoin",2017-APR-17,65.217544859497,0.927350499602687,14.954890765364597,41,1.1860190466617964,-661.5197427568869,1113.4,1099.729,1.243124442476287,11,-5.824039653035936,-6.980389171540832
1448,"bitcoin",2017-APR-18,72.95834974394772,1.4875493127622677,2.428694608348692,39,-0.2971105994206456,-667.2571633686568,1113.4,1099.892,1.228120579111407,11,-5.824039653035936,-6.966601959814088
1449,"bitcoin",2017-APR-19,76.2149329754082,-0.1138923964445855,1.3719627107570822,36,0.6015087293128071,-727.3619536069734,1113.4,1100.6345,1.1598309883980744,11,-6.200900585928451,-7.27633834735323
1466,"bitcoin",2017-MAY-06,92.64981882540374,30.448074428442766,30.2995039903604,71,2.4847985812009132,-2174.5387790897666,1104.99825,1092.0115,1.1892502963567717,4,-23.775613676263127,-24.671458578361204
1474,"bitcoin",2017-MAY-14,84.99065089504137,14.574993666075509,49.46087301390577,97,3.5944297947382666,-1546.399407336989,1119.07325,1092.0115,2.478156136634078,10,-34.25415070617818,-35.844035673160526
1491,"bitcoin",2017-MAY-31,66.40133754022003,26.39711207301633,44.81948315176083,137,20.87552101329159,-472.7094921241428,1410.0475000000001,1256.3115,12.237092472686918,7,-38.952904401736966,-45.60880520571312
1492,"bitcoin",2017-JUN-01,67.06903756219404,5.312695448322928,33.1122056929311,153,14.777729787198693,-463.3612360772209,1418.45,1260.8715,12.497585995083565,7,-38.58912359239232,-45.41138295154929
1495,"bitcoin",2017-JUN-04,64.10143578995518,4.31624499559778,9.858249395340298,171,10.028624776555557,-422.8900818306654,1479.5149999999999,1313.5315,12.636430873564874,1,-33.32124009067679,-40.801781988129086
1498,"bitcoin",2017-JUN-07,57.04618349154466,8.772558433957979,13.467448543947361,199,9.79993851018974,-411.794439190495,1591.99,1388.8215,14.628841791403719,9,-37.655568348253794,-45.611915223571984
1499,"bitcoin",2017-JUN-08,64.5231515245163,2.6887151557741875,11.69714269789514,196,6.925029048837689,-397.2310629561531,1602.8075,1388.8215,15.407739583524583,9,-37.445067597102536,-45.796588141626074
1506,"bitcoin",2017-JUN-16,53.42370725517914,-10.231606561116614,-7.817990161630356,164,19.1121116828664,-406.49464173927583,1717.4375,1510.2,13.722520196000525,7,-34.10779474646404,-42.05878911233159
1507,"bitcoin",2017-JUN-17,55.18016248216399,5.45232196175593,-5.337144730932906,175,12.953521996475734,-391.4474639994885,1767.6275,1552.385,13.86527826537876,7,-32.14768282337406,-40.410001880918664
1508,"bitcoin",2017-JUN-18,50.79336608050561,-4.05101134087384,1.180436439870403,178,17.722472716998453,-388.6229627881727,1788.7925,1572.8600000000001,13.728653535597566,7,-31.335241122255873,-39.624046585364916
1509,"bitcoin",2017-JUN-19,53.304325813878584,1.6210870819255245,-2.4955946804825593,182,15.844531974050044,-390.30144158785566,1887.7525,1682.495,12.199590489124793,7,-27.53655315898369,-35.415587057744204
1510,"bitcoin",2017-JUN-20,51.76698012618506,5.104649366697562,6.808487260084213,187,10.218275473126138,-394.3611148026438,1898.98,1698.1350000000002,11.827387104087707,7,-27.10557327713609,-34.815228531616704
1512,"bitcoin",2017-JUN-22,50.21406395087325,-0.6018098383784241,4.47211924621563,192,10.885595898588385,-332.6104633936546,2126.0625,1938.67,9.666033930478108,3,-14.991503398640543,-22.484206317473006
1518,"bitcoin",2017-JUN-28,55.6765443141188,-4.82810368853519,-5.400857523908898,145,16.40794006501502,-267.6449533313702,2231.4375,1960.075,13.844495746336236,2,-12.578354554358473,-23.209598432908912
1519,"bitcoin",2017-JUN-29,56.14562922296328,-1.3775880751439846,-6.139180383010327,146,18.03396184805381,-265.0209162821918,2235.7525,1960.075,14.064640383658789,2,-12.409304603330067,-23.209598432908912
1520,"bitcoin",2017-JUN-30,50.13651158017981,-2.302978750216594,-3.6488412647244948,141,20.81633640218636,-259.6411999557281,2245.0425,1960.075,14.538601839215334,2,-12.045347698334966,-23.209598432908912
1521,"bitcoin",2017-JUL-01,37.9427212814647,-1.8659002595894925,-4.125907723327504,128,23.113511737282046,-278.97360752830883,2213.1324999999997,1960.075,12.910602910602892,2,-13.17916660128361,-23.106571782760835
1522,"bitcoin",2017-JUL-02,48.46639788711564,2.9541393686718127,1.0331178149336375,123,19.580924567220055,-279.09841661141746,2214.1274999999996,1961.75,12.86491652860964,2,-13.140132910697206,-23.040861801120403
1525,"bitcoin",2017-JUL-05,45.292451007761734,3.8109372942823967,6.877657061880002,128,6.534229570444178,-193.07732660658405,2443.8675,2086.2799999999997,17.139957244473422,5,-1.5478650761998045,-15.953413984667392
1529,"bitcoin",2017-JUL-09,45.32127794496882,-3.211003885487636,0.4775640642018558,118,15.791521735677636,-204.4750872740043,2521.325,2101.925,19.953138194750032,3,-5.052363217334653,-20.84605854286778
1532,"bitcoin",2017-JUL-12,38.165589545340126,-4.748971585584724,-7.80748580893853,97,21.564589551616603,-198.24247235515094,2517.1525,2104.77,19.59275835364435,0,-3.4269463547511396,-19.248410209190574
1533,"bitcoin",2017-JUL-13,37.25649924336922,-1.7066582181387693,-6.374581089881036,102,23.67530429619576,-198.4145211212325,2516.49,2124.94,18.42640262783889,0,-3.049344285031826,-18.134255906057845
1548,"bitcoin",2017-JUL-28,64.40667053384972,19.131854616395948,17.098681029164098,107,3.2641393231067033,-191.08646037904532,2577.7574999999997,2325.495,10.84769049170176,8,-0.10492294993345913,-9.88077730176539
1550,"bitcoin",2017-JUL-30,73.1781087468712,-1.8451340507865894,16.933712201535254,101,5.205318477574913,-231.31860364734692,2556.3675000000003,2325.495,9.927886320976842,11,-4.403589959332481,-13.037161688402751
1551,"bitcoin",2017-JUL-31,68.96537075778683,4.2855381222843745,2.3613301483440754,102,0.8819826524863033,-238.94206970771597,2543.7,2325.495,9.383163584527162,11,-4.877296311877724,-13.037161688402751
1552,"bitcoin",2017-AUG-01,62.31654653907375,-5.463006114059552,-1.4115872014159256,90,6.711646420872161,-240.59142941416414,2543.7,2330.91,9.129052601773555,11,-4.877296311877724,-12.83466554480438
1553,"bitcoin",2017-AUG-02,63.65154855887056,-0.2792227380750975,-5.726974896881763,84,7.772248189561984,-235.0274259370428,2559.1625000000004,2330.91,9.792420127761282,11,-4.724830840538685,-13.222452835456938
1554,"bitcoin",2017-AUG-03,48.94997634014968,3.469990814079174,3.1810790726420497,80,4.1579759905588025,-202.9438108777678,2630.3,2330.91,12.844339764298079,11,-2.0764498385190153,-13.222452835456938
1557,"bitcoin",2017-AUG-06,65.37030462134183,14.589996185016027,18.566258526489758,102,2.366876792970627,-369.63503665644015,2591.5925,2427.87,6.743462376486398,14,-12.665420919785811,-18.182737250752346
1560,"bitcoin",2017-AUG-09,76.70975048833989,3.999141240969021,19.172611980475832,97,4.259724096252176,-405.18800381821814,2595.64,2427.87,6.910172290938147,13,-15.636131984711001,-21.089016875113767
1561,"bitcoin",2017-AUG-10,74.79017302269924,1.1611173772689178,5.206693342128358,101,3.0630412151611135,-520.3381610753015,2549.68,2427.87,5.017154954754577,13,-17.12993057541799,-21.089016875113767
1574,"bitcoin",2017-AUG-23,73.97818644456339,22.779539109449683,24.20515367378019,121,8.025494276794989,-1780.8243064180167,2480.025,2421.47,2.418159217334937,13,-39.2097096802659,-40.64500789285329
1575,"bitcoin",2017-AUG-24,75.72742012634056,4.411878059120511,28.19642265650878,124,3.460924451170548,-1714.2474538675913,2482.44,2421.47,2.517892024266262,13,-39.150513280583574,-40.64500789285329
1576,"bitcoin",2017-AUG-25,71.86981284817449,0.8517353068738653,5.301190889120127,134,2.58715344496293,-1022.5509788920416,2526.855,2420.145,4.409239942234867,13,-38.06181427773039,-40.67748624878666
1577,"bitcoin",2017-AUG-26,66.55639656864733,-0.4391984628053968,0.40879603569350775,132,3.0397022332506247,-1022.5509788920416,2526.855,2420.145,4.409239942234867,12,-38.06181427773039,-40.67748624878666
1578,"bitcoin",2017-AUG-27,62.72925192265532,0.7003032809484532,0.258029096898155,134,2.3231299967144823,-1017.752005874881,2526.855,2420.145,4.409239942234867,12,-37.84088616874203,-40.46588801369694
1579,"bitcoin",2017-AUG-28,54.61830649932917,-0.005019530537004313,0.69524859847441,129,2.3282663952941816,-959.1583861994412,2534.1324999999997,2420.145,4.7099450652750035,12,-37.66186404404277,-40.46588801369694
1585,"bitcoin",2017-SEP-03,70.26999994678022,4.570283800249168,4.565034862921182,140,8.555169584722536,-662.5391190716754,2820.81,2620.355,7.64991766382799,11,-38.67591046645101,-43.033779435806466
1590,"bitcoin",2017-SEP-08,47.87998656253489,-7.728847731597047,-3.5117942071709844,121,17.64800472953,-435.9040821468236,3202.0825,2896.475,10.55101459532708,4,-28.629689685339038,-35.441288733610826
1591,"bitcoin",2017-SEP-09,48.27240247433124,-0.06361217853974814,-7.7875434217187065,123,17.722890825023768,-371.9656523120061,3387.96,3025.71,11.972396561468218,4,-24.48671871082061,-32.56080640577723
1598,"bitcoin",2017-SEP-16,35.62606554732402,-14.221757381580014,-14.276322790422702,89,37.24096837552137,-189.51783491045464,3758.475,3163.865,18.79378544912631,4,-1.1918313480431473,-16.823789831773936
1653,"bitcoin",2017-NOV-10,65.35179794776681,82.56736477390595,56.603077097816865,118,17.50159410347922,-436.4306874942026,4888.665,4393.46,11.271412508592316,9,-30.92325300438736,-37.920490592964676
1657,"bitcoin",2017-NOV-14,54.826518123065014,0.26608684615314376,83.05315251693774,119,17.18976754699921,-342.6229072768893,5012.7925,4399.549999999999,13.938755099953411,1,-24.593751386754708,-33.818612861712644
1658,"bitcoin",2017-NOV-15,58.51556686111568,10.24435821120446,10.537703947030428,125,6.3000133961402724,-335.67460088266745,5030.8724999999995,4399.549999999999,14.349706219954319,1,-24.321778235077776,-33.818612861712644
1660,"bitcoin",2017-NOV-17,57.74493270347091,5.378276928292372,16.173605093621667,157,3.351800949281298,-288.29981892288725,5352.775,4570.75,17.109336542142966,1,-20.619602428818983,-32.21684972776258
1661,"bitcoin",2017-NOV-18,56.57479364737571,1.0527967995807475,6.487696055246772,153,2.7527069440254746,-288.4908539166557,5356.505,4570.75,17.190942405513322,1,-20.78285367801473,-32.40335413647254
1674,"bitcoin",2017-DEC-01,87.80355737386995,40.89074022964899,42.37403343369236,229,4.936404387915005,-312.80122019899824,6356.635,5219.74,21.78068256273302,12,-34.664125852526915,-46.34955826116631
1675,"bitcoin",2017-DEC-02,87.71919973963409,0.9020008017784905,42.161575836152075,270,3.998338540443892,-312.365978414169,6418.945,5282.049999999999,21.52374551547222,12,-34.02368034666902,-45.709112755308404
1691,"bitcoin",2017-DEC-18,77.5372809832855,72.5949469958283,74.15175480155982,417,5.099873392556315,-614.8374077310781,7015.155000000001,6256.355,12.128467773967449,16,-57.88666570615567,-62.44188908499322
1696,"bitcoin",2017-DEC-23,48.79826027618757,-23.09801090288895,32.72894732089647,277,36.667301621856964,-461.17618428592556,8007.077499999999,6921.73,15.680292354656999,8,-49.83348474406366,-56.63348161142786
1697,"bitcoin",2017-DEC-24,44.72527928036485,-5.261510830521399,-27.144217388119834,246,44.257421476683575,-444.63070729944764,8212.4525,7069.700000000001,16.164087585046023,8,-48.546754589311455,-55.70640937284631
1698,"bitcoin",2017-DEC-25,37.19301487110604,0.7238363325625895,-4.575759224991838,248,43.22073774114896,-454.1696651184158,8383.28,7265.67,15.38206387022808,8,-47.476473905143784,-54.478604097487626
1705,"bitcoin",2018-JAN-01,32.887687457687875,-2.633567650036357,-1.928794036967345,216,47.09457282605511,-421.3724038075415,9696.265,8591.72,12.855924075738038,9,-33.77094361531368,-41.3153922338718
1706,"bitcoin",2018-JAN-02,42.41991095105977,9.701110037196493,6.8120570915261,216,34.08667676760934,-394.55255831872694,10864.815,9760.27,11.316746360500273,9,-25.78931730473686,-33.33376592329497
1707,"bitcoin",2018-JAN-03,46.41080957853761,1.461076885082863,11.303927598629288,256,32.155779225050985,-322.0094092547199,12630.115,11525.57,9.583430580873658,9,-13.731669000375671,-21.27611761893378
1708,"bitcoin",2018-JAN-04,50.44827678401773,2.6195645023353773,4.118915238851699,236,28.782245243345805,-295.4993700633503,12938.285,11752.42,10.090389894166476,9,-11.626754550732558,-19.72664868003142
1710,"bitcoin",2018-JAN-06,63.17237067164903,12.358326068003482,15.301624893099138,281,14.617447366919608,-248.6873126920662,13550.890000000001,11875.640000000001,14.1066081491187,6,-9.826952317894015,-20.974736568924616
1711,"bitcoin",2018-JAN-07,62.163010825719105,-5.987333827808532,5.6310580029744965,252,17.559596057678313,-237.68846193289326,13686.345000000001,11875.640000000001,15.247220360334262,6,-8.947392931392924,-20.993663201663193
1714,"bitcoin",2018-JAN-10,48.97609151881747,-9.129363499538764,-14.570091858275807,184,18.293228613598888,-224.13432475507108,14081.075,11875.640000000001,18.571083326877535,3,-8.763213907364154,-23.053088887521014
1715,"bitcoin",2018-JAN-11,47.47836564583147,-10.4686341688205,-18.642278001650723,154,32.12490116218355,-207.53214939892155,14424.0275,11875.640000000001,21.458948738762697,3,-6.5680301852571565,-23.075268817204293
2118,"bitcoin",2019-FEB-20,87.5119020615255,-70.16350684032285,-73.2869801580146,23,0.27648240023564535,-1564.1350587289096,3736.7492999999995,3731.548,0.13938719266105432,3,-1.9042741996497816,-2.040816755128506
2119,"bitcoin",2019-FEB-21,84.78677537942585,-1.1426112461143914,-70.50442196661146,23,1.4354957825995167,-1564.1350587289096,3736.7492999999995,3731.548,0.13938719266105432,3,-1.9042741996497816,-2.040816755128506
2120,"bitcoin",2019-FEB-22,78.6623831148035,1.30012299581738,0.14265639813945982,24,0.13363536270111553,-1564.1350587289096,3736.7492999999995,3731.548,0.13938719266105432,3,-1.9042741996497816,-2.040816755128506
2144,"bitcoin",2019-MAR-18,78.33264903465026,0.6735868387442507,1.982467291948944,18,1.1042534256540524,-4181.316551580001,3755.120075,3750.02235,0.13593852313972546,0,-5.419684901714052,-5.548081444875025
2145,"bitcoin",2019-MAR-19,72.17481479540604,0.9592766267279861,1.639325026577026,19,0.14359928455319904,-4181.316551580001,3755.120075,3750.02235,0.13593852313972546,0,-5.419684901714052,-5.548081444875025
2146,"bitcoin",2019-MAR-20,72.84856030774307,0.40003289455746394,1.3631469433421632,19,-0.12869310092391031,-4226.609250022031,3755.120075,3750.02235,0.13593852313972546,0,-5.481338824721314,-5.60965167022725
2147,"bitcoin",2019-MAR-21,63.289563314466996,-1.4226210926287104,-1.0282791504066742,18,1.4924328554123245,-4289.87246257003,3755.120075,3750.02235,0.13593852313972546,0,-5.567454807424763,-5.695650747055744
2149,"bitcoin",2019-MAR-23,58.869644882537855,0.1613023713389282,-1.26361344284736,18,1.5246840151499024,-436.49384267423,3856.8943,3800.8326500000003,1.4749833829174153,2,-3.5614516732177885,-4.963228263985163
2151,"bitcoin",2019-MAR-25,57.33717367683119,-1.802748502760176,-1.644354007505477,16,3.3885189933280433,-409.2911566093902,3870.572325,3800.8326500000003,1.8348525552683779,3,-3.944312690721912,-5.675036690266517
2152,"bitcoin",2019-MAR-26,58.491131249400844,0.555382485489917,-1.2573781667120207,16,2.8174886692385126,-305.40258551751674,3899.841425,3800.8326500000003,2.6049232922685976,2,-2.8850350001001597,-5.350579793067719
2153,"bitcoin",2019-MAR-27,68.14862981939632,2.559180230423434,3.128775954685243,17,0.2518628154346867,-305.40258551751674,3899.841425,3800.8326500000003,2.6049232922685976,2,-2.8850350001001597,-5.350579793067719
2154,"bitcoin",2019-MAR-28,64.31800407736964,-0.4394105483292707,2.1085243742109254,19,0.6943242979688456,-305.40258551751674,3899.841425,3800.8326500000003,2.6049232922685976,2,-2.8850350001001597,-5.350579793067719
2155,"bitcoin",2019-MAR-29,63.91971004202857,0.7192560569551959,0.2766850216421669,19,-0.024753716381951566,-305.40258551751674,3899.841425,3800.8326500000003,2.6049232922685976,2,-2.8850350001001597,-5.350579793067719
2158,"bitcoin",2019-APR-01,65.32602259951608,1.4593224704086973,2.189074792622816,21,3.333754190231644,-2637.9132706939504,3812.2806,3800.8326500000003,0.30119584454737214,1,-7.36591714435295,-7.644089309546478
2161,"bitcoin",2019-APR-04,88.08141298923331,18.38822389490794,20.115889848524095,43,7.8045924686341985,-1006.3051033602085,3875.630325,3800.8326500000003,1.9679286590005427,1,-16.218497901252615,-17.835437867010032
2163,"bitcoin",2019-APR-06,89.35425255069836,2.7833433784316592,21.68337468552971,47,4.885275108939696,-942.5862066160477,3884.8317500000003,3800.8326500000003,2.2100183758419356,2,-16.822825995472087,-18.62130999852415
2164,"bitcoin",2019-APR-07,91.09014130186586,2.7487078881542253,5.6085572455832535,49,2.0794103056859883,-942.5862066160477,3884.8317500000003,3800.8326500000003,2.2100183758419356,2,-16.822825995472087,-18.62130999852415
2166,"bitcoin",2019-APR-09,91.19833698885066,0.11659203865742669,2.8685047013751883,52,2.187873351920105,-924.0741774608784,3889.5831749999998,3800.8326500000003,2.335028483824445,2,-17.35665303280681,-19.242366771553513
2169,"bitcoin",2019-APR-12,80.56949991927094,-2.2174912633789488,-2.103484642992546,46,6.525392574848135,-677.6268980364819,3971.2467,3800.8326500000003,4.483597824282,9,-22.576052312955724,-25.898467032831306
2171,"bitcoin",2019-APR-14,81.16412073017169,1.5361509166154341,-0.7154043591317775,49,4.913758905761571,-690.8436708815609,3971.2467,3800.8326500000003,4.483597824282,10,-23.19520846781435,-26.491053972553562
2172,"bitcoin",2019-APR-15,76.66139459273707,-1.9469623172453876,-0.44071968011247553,48,6.996949187035345,-692.089174866748,3972.5416,3800.8326500000003,4.517666674958702,10,-23.4393619452169,-26.748615338993027
2173,"bitcoin",2019-APR-16,64.18011848091876,3.3244049012253125,1.3127176732804093,49,3.554382228787925,-685.9079464278449,3974.3531000000003,3800.8326500000003,4.565327284272828,10,-23.40444988895643,-26.748615338993027
2174,"bitcoin",2019-APR-17,61.85016410703163,0.31282997905325177,3.6476346154347126,54,3.2314433262540345,-656.8315289874921,3983.413925,3800.8326500000003,4.803717811674754,10,-23.229825526733844,-26.748615338993027
2175,"bitcoin",2019-APR-18,65.68922941425171,0.8843916283855544,1.1999882495846332,55,2.32647653416398,-749.1772139104734,3957.441675,3800.8326500000003,4.120387278824279,10,-23.730374603858255,-26.748615338993027
2177,"bitcoin",2019-APR-20,62.606503294701184,0.7455157520903133,1.63650065937565,56,1.5692616889907223,-681.5183749041908,3972.531825,3800.8326500000003,4.51740949446958,9,-22.93886066682656,-26.26956628000712
2181,"bitcoin",2019-APR-24,57.222903395947384,2.378857472789774,3.1421079820595126,60,3.0913013852652713,-761.38318480114,3965.625275,3800.8326500000003,4.3356979950169485,9,-25.58316592576671,-28.675577482802268
2183,"bitcoin",2019-APR-26,59.26403471138257,-3.3947525197641077,-1.0966513709734613,53,6.8700983530542,-596.4913179832648,4068.206875,3843.91515,5.834981164971866,10,-24.8255979733657,-28.97017489004408
2186,"bitcoin",2019-APR-29,59.618647811557054,-0.6060502168070753,-3.980228831565089,54,7.521734055411749,-723.2871772538281,4402.3748749999995,4256.8261999999995,3.419182934929315,3,-18.62081918288156,-21.31132880026552
2188,"bitcoin",2019-MAY-01,58.10937177667553,2.960441479774798,2.336449500961101,58,4.430140848349953,-601.4251963927005,4613.844074999999,4457.3506,3.5109079146701925,2,-14.711749475579241,-17.60457690630188
2189,"bitcoin",2019-MAY-02,60.235622259372334,1.8987996976991501,4.915454031342472,59,2.4841717058105437,-560.0574703334806,4627.91575,4457.3506,3.8266038574573953,2,-14.451630467830084,-17.60457690630188
2191,"bitcoin",2019-MAY-04,68.34756108385542,5.919473323418367,7.930671962687966,66,0.5953267506035463,-571.0621747055742,4639.9552,4457.60495,4.090767397411482,2,-15.967583711560579,-19.27005786439314
2192,"bitcoin",2019-MAY-05,67.78849918190298,-0.6080943481729831,5.275382992524069,68,1.5733210184742834,-549.7691808071451,4658.267625,4467.05335,4.280546033774149,2,-15.796146210308116,-19.25257683017873
2193,"bitcoin",2019-MAY-06,63.4702755098779,-0.8437536152827552,-1.4467171454086987,67,2.4376423290359424,-551.251493452591,4662.1474,4469.00925,4.321721867100628,2,-16.022927645754343,-19.501834468158783
2210,"bitcoin",2019-MAY-23,69.7907989361524,37.15175574888804,35.99453285133302,102,5.569472697305828,-568.2947841123108,5139.589725,4752.8017,8.138105677752131,12,-33.07367721169194,-38.110324414461054
2211,"bitcoin",2019-MAY-24,68.92698454253494,1.3388347175034545,38.9879910705197,110,4.1747450437888745,-551.2567477898368,5154.193625,4752.8017,8.44537496693792,12,-32.88350924544086,-38.110324414461054
2212,"bitcoin",2019-MAY-25,62.160116333941026,0.8159430068334302,2.165701852587412,113,3.3316179334133493,-416.79453342490797,5324.562875,4752.8017,12.02998170531709,12,-30.665007764040624,-38.110324414461054
2218,"bitcoin",2019-MAY-31,69.86919752829917,6.481901868527517,7.350733500367005,119,5.059325894378471,-442.9270502187727,5476.7521,4894.09525,11.905302619518885,11,-33.78171921537276,-40.826503092734384
2227,"bitcoin",2019-JUN-09,33.11727940069257,-10.337918167142536,-4.526110009457876,96,17.172525717419322,-316.9481595996377,6731.47055,5990.72215,12.364926655795587,2,-17.77750518771063,-26.825480815593554
2228,"bitcoin",2019-JUN-10,37.77268610812359,4.061517594061556,-6.696276938299162,96,12.599285909420535,-309.82283863574804,6842.12055,6101.37215,12.14068543581626,2,-16.425955183383596,-25.473930811266516
2229,"bitcoin",2019-JUN-11,37.756259337911224,-0.9076526047126882,3.1170005191155035,100,13.630657532264287,-303.7903759962515,6864.047675,6101.37215,12.500065661459441,2,-16.158123227770133,-25.473930811266516
2235,"bitcoin",2019-JUN-17,68.62836833200328,17.56671002174346,16.49961271595609,128,0.16645292297406583,-270.0381808326629,7179.324675,6207.4624,15.65635379442652,0,-15.133425316627761,-26.621779176768445
2236,"bitcoin",2019-JUN-18,75.73490580986146,-2.5598815838841977,14.557141463118311,129,3.6847911578401504,-264.8411951739196,7224.065125000001,6208.8627,16.350859634889357,0,-15.009132229944782,-26.9529524433616
2245,"bitcoin",2019-JUN-27,74.79094285305605,23.134759187175437,19.98265516338278,160,23.372325034313825,-430.49464190809437,7800.878124999999,6982.08325,11.727085537113863,6,-31.575416016304274,-38.75738935214038
2249,"bitcoin",2019-JUL-01,60.36734617267487,-5.362446119297243,16.531724071636745,143,30.36296900682075,-415.1160627879373,7935.659,7016.191650000001,13.104934925772715,11,-33.602601859039694,-41.29575496901627
2251,"bitcoin",2019-JUL-03,66.95414571164032,13.021992065678084,6.961248638199691,124,15.343011235429005,-365.09164105950765,8099.222,7031.7545,15.180670770004836,9,-31.171128664820237,-40.24268926804682
2252,"bitcoin",2019-JUL-04,61.321700506388794,-6.235395572543721,5.9746237764140755,127,23.01338222427792,-374.3433380475196,8119.84975,7092.841350000001,14.479506157289132,9,-30.995829759482866,-39.72356052470314
2255,"bitcoin",2019-JUL-07,55.72281489349672,2.0989774139439477,-4.267297703337528,125,20.484441019952495,-352.6230385051201,8105.057875,7092.841350000001,14.27095962043476,3,-26.92570028661509,-36.051731816981054
2261,"bitcoin",2019-JUL-13,48.04500800863903,-0.510599783579319,1.5776602562316524,117,21.10279161183102,-341.02680215976744,8447.037675,7256.6178500000005,16.404609552368793,5,-29.62119780571088,-39.53950581087024
2266,"bitcoin",2019-JUL-18,48.81222017113435,-6.3717771327656925,-6.8498426360949525,81,23.091465395994675,-290.70656911598604,8985.166000000001,7746.101500000001,15.995975523945823,3,-19.389033091783013,-30.505376118349957
2269,"bitcoin",2019-JUL-21,46.99450366176478,-0.6316703107922594,-6.963198819140421,101,23.873940299676256,-231.635794449873,9717.833999999999,8445.807,15.061047452303825,9,-7.750644536695384,-19.8257294663125
2297,"bitcoin",2019-AUG-18,44.28848587686414,-2.389767815301385,-3.006342672307517,34,18.635658432190578,-253.30093598637012,10772.15475,10680.489,0.8582542428534885,1,-0.4687496968230466,-1.3157117874371325